0,47.398429056277074,27.964584083886482,-0.08865588186743746,0.5,0.5
1,47.79685811255415,27.929168167772964,-0.08865588186743746,0.5,0.5
2,48.19528716883122,27.893752251659446,-0.08865588186743746,0.5,0.5
3,48.593716225108295,27.85833633554593,-0.08865588186743746,0.5,0.5
4,48.99214528138537,27.82292041943241,-0.08865588186743746,0.5,0.5
5,49.39057433766244,27.787504503318893,-0.08865588186743746,0.5,0.5
6,49.78900339393952,27.752088587205375,-0.08865588186743746,0.5,0.5
7,50.18743245021659,27.716672671091857,-0.08865588186743746,0.5,0.5
8,50.585861506493664,27.68125675497834,-0.08865588186743746,0.5,0.5
9,50.98429056277074,27.64584083886482,-0.08865588186743746,0.5,0.5
10,51.38271961904781,27.610424922751303,-0.08865588186743746,0.5,0.5
11,51.781148675324886,27.575009006637785,-0.08865588186743746,0.5,0.5
12,52.17957773160196,27.539593090524267,-0.08865588186743746,0.5,0.5
13,52.57800678787903,27.50417717441075,-0.08865588186743746,0.5,0.5
14,52.97643584415611,27.46876125829723,-0.08865588186743746,0.5,0.5
15,53.37486490043318,27.433345342183713,-0.08865588186743746,0.5,0.5
16,53.773293956710255,27.397929426070196,-0.08865588186743746,0.5,0.5
17,54.17172301298733,27.362513509956678,-0.08865588186743746,0.5,0.5
18,54.5701520692644,27.32709759384316,-0.08865588186743746,0.5,0.5
19,54.98053399722979,27.290619200246237,-0.08865588186743746,0.5,1
20,55.40286879688349,27.25307832916591,-0.08865588186743746,0.5,1
21,55.8371564682255,27.214474980602176,-0.08865588186743746,0.5,1
22,56.28339701125582,27.174809154555035,-0.08865588186743746,0.5,1
23,56.74159042597446,27.13408085102449,-0.08865588186743746,0.5,1
24,57.21173671238141,27.092290070010538,-0.08865588186743746,0.5,1
25,57.69383587047667,27.049436811513182,-0.08865588186743746,0.5,1
26,58.18788790026024,27.00552107553242,-0.08865588186743746,0.5,1
27,58.693892801732126,26.960542862068255,-0.08865588186743746,0.5,1
28,59.211850574892324,26.91450217112068,-0.08865588186743746,0.5,1
29,59.74176121974083,26.8673990026897,-0.08865588186743746,0.5,1
30,60.28362473627765,26.819233356775317,-0.08865588186743746,0.5,1
31,60.83744112450279,26.77000523337753,-0.08865588186743746,0.5,1
32,61.403210384416234,26.719714632496334,-0.08865588186743746,0.5,1
33,61.980932516017994,26.668361554131735,-0.08865588186743746,0.5,1
34,62.57060751930806,26.615945998283728,-0.08865588186743746,0.5,1
35,63.172235394286446,26.562467964952315,-0.08865588186743746,0.5,1
36,63.785816140953145,26.507927454137498,-0.08865588186743746,0.5,1
37,64.41134975930815,26.452324465839276,-0.08865588186743746,0.5,1
38,65.04883624935147,26.39565900005765,-0.08865588186743746,0.5,1
39,65.6982756110831,26.337931056792613,-0.08865588186743746,0.5,1
40,66.35966784450305,26.279140636044172,-0.08865588186743746,0.5,1
41,67.0330129496113,26.219287737812326,-0.08865588186743746,0.5,1
42,67.71831092640787,26.158372362097076,-0.08865588186743746,0.5,1
43,68.41556177489275,26.09639450889842,-0.08865588186743746,0.5,1
44,69.12476549506594,26.03335417821636,-0.08865588186743746,0.5,1
45,69.84592208692744,25.96925137005089,-0.08865588186743746,0.5,1
46,70.57903155047727,25.904086084402017,-0.08865588186743746,0.5,1
47,71.3240938857154,25.83785832126974,-0.08865588186743746,0.5,1
48,72.08110909264184,25.770568080654055,-0.08865588186743746,0.5,1
49,72.8500771712566,25.702215362554966,-0.08865588186743746,0.5,1
50,73.63099812155967,25.632800166972473,-0.08865588186743746,0.5,1
51,74.42387194355105,25.56232249390657,-0.08865588186743746,0.5,1
52,75.2207300561052,25.491490661679535,-0.08865588186743746,0.5,1
53,76.01758816865934,25.4206588294525,-0.08865588186743746,0.5,1
54,76.81444628121349,25.349826997225463,-0.08865588186743746,0.5,1
55,77.61130439376764,25.278995164998427,-0.08865588186743746,0.5,1
56,78.40816250632179,25.20816333277139,-0.08865588186743746,0.5,1
57,79.20502061887593,25.137331500544356,-0.08865588186743746,0.5,1
58,80.0050198466817,25.136219965487815,-0.0013894192677209871,0,1
59,80.80207171256274,25.204837187054707,0.08587704333199549,0,1
60,81.59011017054661,25.342660946756702,0.17314350593171196,0,1
61,82.36313777213743,25.548642322562202,0.26040996853142845,0,0.5
62,83.11527131052028,25.821213671826374,0.34767643113114494,0,0.5
63,83.86740484890313,26.093785021090547,0.34767643113114494,0.5,0.5
64,84.61953838728598,26.36635637035472,0.34767643113114494,0.5,0.5
65,85.37167192566884,26.63892771961889,0.34767643113114494,0.5,0.5
66,86.12380546405169,26.911499068883064,0.34767643113114494,0.5,0.5
67,86.87593900243454,27.184070418147236,0.34767643113114494,0.5,0.5
68,87.62807254081739,27.45664176741141,0.34767643113114494,0.5,0.5
69,88.38020607920024,27.72921311667558,0.34767643113114494,0.5,0.5
70,89.13233961758309,28.001784465939753,0.34767643113114494,0.5,0.5
71,89.88447315596594,28.274355815203926,0.34767643113114494,0.5,0.5
72,90.63660669434879,28.546927164468098,0.34767643113114494,0.5,0.5
73,91.38874023273164,28.81949851373227,0.34767643113114494,0.5,0.5
74,92.14087377111449,29.092069862996443,0.34767643113114494,0.5,0.5
75,92.89300730949734,29.364641212260615,0.34767643113114494,0.5,0.5
76,93.64514084788019,29.637212561524787,0.34767643113114494,0.5,0.5
77,94.3859923831873,29.905695340549997,0.34767643113114494,0.5,0
78,95.11556191541867,30.170089549336247,0.34767643113114494,0.5,0
79,95.83384944457428,30.430395187883533,0.34767643113114494,0.5,0
80,96.54085497065417,30.686612256191857,0.34767643113114494,0.5,0
81,97.2365784936583,30.938740754261218,0.34767643113114494,0.5,0
82,97.9210200135867,31.186780682091616,0.34767643113114494,0.5,0
83,98.59417953043935,31.43073203968305,0.34767643113114494,0.5,0
84,99.25605704421626,31.670594827035522,0.34767643113114494,0.5,0
85,99.90665255491743,31.90636904414903,0.34767643113114494,0.5,0
86,100.54596606254285,32.13805469102358,0.34767643113114494,0.5,0
87,101.17399756709253,32.36565176765916,0.34767643113114494,0.5,0
88,101.79074706856646,32.58916027405578,0.34767643113114494,0.5,0
89,102.39621456696466,32.808580210213435,0.34767643113114494,0.5,0
90,102.99040006228711,33.02391157613213,0.34767643113114494,0.5,0
91,103.57330355453382,33.235154371811866,0.34767643113114494,0.5,0
92,104.14492504370479,33.44230859725264,0.34767643113114494,0.5,0
93,104.70526452980002,33.64537425245445,0.34767643113114494,0.5,0
94,105.2543220128195,33.8443513374173,0.34767643113114494,0.5,0
95,105.79209749276323,34.039239852141186,0.34767643113114494,0.5,0
96,106.29995819212122,34.275200675261495,0.4349428937308614,0,0
97,106.77492035606518,34.548541017731594,0.5222093563305779,0,0
98,107.2144125867114,34.855367645001145,0.6094758189302943,0,0
99,107.61628747248042,35.19163030452216,0.6967422815300108,0,0
100,107.97882881833736,35.553165603689806,0.7840087441297273,0,0
101,108.33287310140078,35.90622741928321,0.7840087441297273,0.5,0
102,108.6869173844642,36.25928923487662,0.7840087441297273,0.5,0.5
103,109.04096166752761,36.612351050470025,0.7840087441297273,0.5,0.5
104,109.39500595059103,36.96541286606343,0.7840087441297273,0.5,0.5
105,109.74905023365444,37.31847468165684,0.7840087441297273,0.5,0.5
106,110.10309451671786,37.671536497250244,0.7840087441297273,0.5,0.5
107,110.45713879978128,38.02459831284365,0.7840087441297273,0.5,0.5
108,110.81118308284469,38.37766012843706,0.7840087441297273,0.5,0.5
109,111.16522736590811,38.73072194403046,0.7840087441297273,0.5,0.5
110,111.51927164897153,39.08378375962387,0.7840087441297273,0.5,0.5
111,111.87331593203494,39.436845575217276,0.7840087441297273,0.5,0.5
112,112.22736021509836,39.78990739081068,0.7840087441297273,0.5,0.5
113,112.58140449816177,40.14296920640409,0.7840087441297273,0.5,0.5
114,112.93544878122519,40.496031021997496,0.7840087441297273,0.5,0.5
115,113.28099600149508,40.84061935401666,0.7840087441297273,0.5,0
116,113.61804615897145,41.17673420246158,0.7840087441297273,0.5,0
117,113.9465992536543,41.50437556733226,0.7840087441297273,0.5,0
118,114.26665528554362,41.8235434486287,0.7840087441297273,0.5,0
119,114.57821425463942,42.13423784635089,0.7840087441297273,0.5,0
120,114.88127616094171,42.436458760498844,0.7840087441297273,0.5,0
121,115.17584100445048,42.730206191072554,0.7840087441297273,0.5,0
122,115.46190878516572,43.01548013807203,0.7840087441297273,0.5,0
123,115.73947950308744,43.29228060149726,0.7840087441297273,0.5,0
124,116.00855315821563,43.56060758134825,0.7840087441297273,0.5,0
125,116.2691297505503,43.820461077625,0.7840087441297273,0.5,0
126,116.52120928009145,44.0718410903275,0.7840087441297273,0.5,0
127,116.76479174683908,44.314747619455765,0.7840087441297273,0.5,0
128,116.99987715079318,44.549180665009786,0.7840087441297273,0.5,0
129,117.22646549195376,44.77514022698956,0.7840087441297273,0.5,0
130,117.44455677032083,44.9926263053951,0.7840087441297273,0.5,0
131,117.65415098589438,45.20163890022639,0.7840087441297273,0.5,0
132,117.8552481386744,45.40217801148344,0.7840087441297273,0.5,0
133,118.0478482286609,45.59424363916626,0.7840087441297273,0.5,0
134,118.23195125585387,45.77783578327483,0.7840087441297273,0.5,0
135,118.40755722025332,45.95295444380916,0.7840087441297273,0.5,0
136,118.57466612185925,46.11959962076925,0.7840087441297273,0.5,0
137,118.73327796067166,46.277771314155096,0.7840087441297273,0.5,0
138,118.89188979948406,46.43594300754094,0.7840087441297273,0.5,0.5
139,119.05050163829647,46.59411470092679,0.7840087441297273,0.5,0.5
140,119.20911347710887,46.752286394312634,0.7840087441297273,0.5,0.5
141,119.3762223787148,46.91893157127272,0.7840087441297273,0.5,1
142,119.55182834311425,47.09405023180705,0.7840087441297273,0.5,1
143,119.73593137030723,47.277642375915626,0.7840087441297273,0.5,1
144,119.92853146029373,47.46970800359844,0.7840087441297273,0.5,1
145,120.12962861307375,47.67024711485549,0.7840087441297273,0.5,1
146,120.3392228286473,47.879259709686785,0.7840087441297273,0.5,1
147,120.55731410701436,48.09674578809232,0.7840087441297273,0.5,1
148,120.78390244817494,48.3227053500721,0.7840087441297273,0.5,1
149,121.01049078933552,48.548664912051876,0.7840087441297273,0.5,0.5
150,121.2370791304961,48.774624474031654,0.7840087441297273,0.5,0.5
151,121.46366747165668,49.00058403601143,0.7840087441297273,0.5,0.5
152,121.66969990231497,49.24543222881063,0.8712752067294438,0,0.5
153,121.85360839126788,49.50730560983867,0.9585416693291603,0,0.5
154,122.0139932838675,49.78421116454245,1.0458081319288768,0,0.5
155,122.1496339542381,50.07404147445053,1.1330745945285932,0,0.5
156,122.25949809497607,50.37459075590019,1.2203410571283095,0,0.5
157,122.36936223571404,50.675140037349856,1.2203410571283095,0.5,0.5
158,122.479226376452,50.97568931879952,1.2203410571283095,0.5,0.5
159,122.58909051718997,51.27623860024918,1.2203410571283095,0.5,0.5
160,122.67234199584652,51.58521949173196,1.307607519728026,0,0.5
161,122.72834721840046,51.90028046209593,1.3948739823277423,0,0.5
162,122.75667995129128,52.219023707117586,1.4821404449274587,0,0.5
163,122.75712456531389,52.53902339823989,1.569406907527175,0,0.5
164,122.7575691793365,52.859023089362196,1.569406907527175,0.5,0.5
165,122.75801379335911,53.1790227804845,1.569406907527175,0.5,0.5
166,122.75845840738172,53.49902247160681,1.569406907527175,0.5,0.5
167,122.75890302140434,53.81902216272911,1.569406907527175,0.5,0.5
168,122.75934763542695,54.13902185385142,1.569406907527175,0.5,0.5
169,122.75979224944956,54.45902154497372,1.569406907527175,0.5,0.5
170,122.76025353649803,54.791021224513116,1.569406907527175,0.5,1
171,122.76073149657235,55.13502089246959,1.569406907527175,0.5,1
172,122.76122612967251,55.49102054884315,1.569406907527175,0.5,1
173,122.76173743579852,55.8590201936338,1.569406907527175,0.5,1
174,122.76226541495038,56.23901982684154,1.569406907527175,0.5,1
175,122.76281006712809,56.63101944846637,1.569406907527175,0.5,1
176,122.76337139233163,57.035019058508276,1.569406907527175,0.5,1
177,122.76394939056104,57.45101865696727,1.569406907527175,0.5,1
178,122.7645440618163,57.879018243843355,1.569406907527175,0.5,1
179,122.76515540609739,58.319017819136526,1.569406907527175,0.5,1
180,122.76578342340434,58.77101738284678,1.569406907527175,0.5,1
181,122.76642811373713,59.23501693497412,1.569406907527175,0.5,1
182,122.76708947709578,59.71101647551855,1.569406907527175,0.5,1
183,122.76776751348027,60.199016004480065,1.569406907527175,0.5,1
184,122.7684622228906,60.69901552185867,1.569406907527175,0.5,1
185,122.7691736053268,61.211015027654355,1.569406907527175,0.5,1
186,122.76990166078883,61.73501452186713,1.569406907527175,0.5,1
187,122.77064638927672,62.27101400449699,1.569406907527175,0.5,1
188,122.77140779079045,62.81901347554394,1.569406907527175,0.5,1
189,122.77218586533003,63.37901293500797,1.569406907527175,0.5,1
190,122.77298061289545,63.95101238288909,1.569406907527175,0.5,1
191,122.77379203348673,64.5350118191873,1.569406907527175,0.5,1
192,122.77462012710386,65.13101124390259,1.569406907527175,0.5,1
193,122.77546489374683,65.73901065703497,1.569406907527175,0.5,1
194,122.77632633341565,66.35901005858443,1.569406907527175,0.5,1
195,122.77720444611032,66.99100944855098,1.569406907527175,0.5,1
196,122.77809923183084,67.63500882693462,1.569406907527175,0.5,1
197,122.7790106905772,68.29100819373535,1.569406907527175,0.5,1
198,122.77993882234941,68.95900754895317,1.569406907527175,0.5,1
199,122.78088362714747,69.63900689258807,1.569406907527175,0.5,1
200,122.78184510497138,70.33100622464006,1.569406907527175,0.5,1
201,122.78282325582114,71.03500554510913,1.569406907527175,0.5,1
202,122.78381807969674,71.75100485399528,1.569406907527175,0.5,1
203,122.7848295765982,72.47900415129853,1.569406907527175,0.5,1
204,122.78585774652551,73.21900343701886,1.569406907527175,0.5,1
205,122.78690258947866,73.97100271115627,1.569406907527175,0.5,1
206,122.78796410545766,74.73500197371078,1.569406907527175,0.5,1
207,122.7890422944625,75.51100122468237,1.569406907527175,0.5,1
208,122.7901371564932,76.29900046407106,1.569406907527175,0.5,1
209,122.7912320185239,77.08699970345974,1.569406907527175,0.5,0.5
210,122.7923268805546,77.87499894284842,1.569406907527175,0.5,0.5
211,122.7934217425853,78.6629981822371,1.569406907527175,0.5,0.5
212,122.79451660461599,79.45099742162579,1.569406907527175,0.5,0.5
213,122.79559479362084,80.22699667259738,1.569406907527175,0.5,0
214,122.79665630959984,80.99099593515189,1.569406907527175,0.5,0
215,122.79770115255299,81.7429952092893,1.569406907527175,0.5,0
216,122.7987293224803,82.48299449500963,1.569406907527175,0.5,0
217,122.79974081938175,83.21099379231288,1.569406907527175,0.5,0
218,122.80073564325735,83.92699310119903,1.569406907527175,0.5,0
219,122.80171379410712,84.6309924216681,1.569406907527175,0.5,0
220,122.80267527193102,85.32299175372009,1.569406907527175,0.5,0
221,122.80362007672909,86.002991097355,1.569406907527175,0.5,0
222,122.8045482085013,86.67099045257281,1.569406907527175,0.5,0
223,122.80545966724766,87.32698981937354,1.569406907527175,0.5,0
224,122.80635445296818,87.97098919775718,1.569406907527175,0.5,0
225,122.80723256566284,88.60298858772373,1.569406907527175,0.5,0
226,122.80809400533167,89.2229879892732,1.569406907527175,0.5,0
227,122.80893877197464,89.83098740240557,1.569406907527175,0.5,0
228,122.80976686559177,90.42698682712086,1.569406907527175,0.5,0
229,122.81057828618304,91.01098626341907,1.569406907527175,0.5,0
230,122.81137303374847,91.5829857113002,1.569406907527175,0.5,0
231,122.81216778131389,92.15498515918132,1.569406907527175,0.5,0.5
232,122.81296252887931,92.72698460706245,1.569406907527175,0.5,0.5
233,122.81374060341889,93.28698406652649,1.569406907527175,0.5,0
234,122.81450200493262,93.83498353757344,1.569406907527175,0.5,0
235,122.81524673342051,94.3709830202033,1.569406907527175,0.5,0
236,122.81597478888254,94.89498251441607,1.569406907527175,0.5,0
237,122.81670284434458,95.41898200862884,1.569406907527175,0.5,0.5
238,122.81741422678077,95.93098151442453,1.569406907527175,0.5,0
239,122.81810893619111,96.43098103180313,1.569406907527175,0.5,0
240,122.8187869725756,96.91898056076464,1.569406907527175,0.5,0
241,122.81944833593424,97.39498010130907,1.569406907527175,0.5,0
242,122.82009302626703,97.85897965343642,1.569406907527175,0.5,0
243,122.82072104357398,98.31097921714668,1.569406907527175,0.5,0
244,122.78298157171218,98.74935774338125,1.6566733701268914,0,0
245,122.70924586027162,99.17095831840263,1.7439398327266078,0,0
246,122.60213554485276,99.57293267122985,1.8312062953263242,0,0
247,122.46448701347435,99.9527601081132,1.9184727579260406,0,0
248,122.29931443729014,100.30826259766378,2.005739220525757,0,0
249,122.10977186404445,100.63761592302639,2.0930056831254733,0,0
250,121.92621484574336,100.95656861706175,2.0930056831254733,0.5,0
251,121.72242701121358,101.24847017323722,2.1802721457251897,0,0
252,121.50167442557384,101.51229643412375,2.267538608324906,0,0
253,121.26724138001983,101.74738183807786,2.3548050709246224,0,0
254,121.02239318722063,101.95341426873615,2.442071533524339,0,0
255,120.77034005798114,102.13042618935333,2.529337996124055,0,0
256,120.52810718053021,102.30054154163477,2.529337996124055,0.5,0
257,120.28235350073061,102.44288313381693,2.6166044587237716,0,0
258,120.03599773730873,102.55817770363194,2.703870921323488,0,0
259,119.79180144613089,102.64744231798154,2.7911373839232043,0,0
260,119.54760515495305,102.73670693233115,2.7911373839232043,0.5,0.5
261,119.3034088637752,102.82597154668075,2.7911373839232043,0.5,0.5
262,119.05921257259736,102.91523616103035,2.7911373839232043,0.5,0.5
263,118.81501628141952,103.00450077537995,2.7911373839232043,0.5,0.5
264,118.57081999024167,103.09376538972955,2.7911373839232043,0.5,0.5
265,118.32662369906383,103.18303000407916,2.7911373839232043,0.5,0.5
266,118.08242740788599,103.27229461842876,2.7911373839232043,0.5,0.5
267,117.83823111670814,103.36155923277836,2.7911373839232043,0.5,0.5
268,117.5940348255303,103.45082384712796,2.7911373839232043,0.5,0.5
269,117.34983853435246,103.54008846147757,2.7911373839232043,0.5,0.5
270,117.10564224317461,103.62935307582717,2.7911373839232043,0.5,0.5
271,116.86144595199677,103.71861769017677,2.7911373839232043,0.5,0.5
272,116.61724966081893,103.80788230452637,2.7911373839232043,0.5,0.5
273,116.36620268648916,103.87552413093482,2.8784038465229207,0,0.5
274,116.11021564806843,103.9210283742599,2.965670309122637,0,0.5
275,115.85123676148834,103.94404871973369,3.0529367717223534,0,0.5
276,115.59225787490824,103.96706906520747,3.0529367717223534,0.5,0.5
277,115.33327898832815,103.99008941068125,3.0529367717223534,0.5,0.5
278,115.07430010174805,104.01310975615503,3.0529367717223534,0.5,0.5
279,114.81532121516796,104.03613010162881,3.0529367717223534,0.5,0.5
280,114.55634232858786,104.0591504471026,3.0529367717223534,0.5,0.5
281,114.29736344200776,104.08217079257638,3.0529367717223534,0.5,0.5
282,114.03838455542767,104.10519113805016,3.0529367717223534,0.5,0.5
283,113.77940566884757,104.12821148352394,3.0529367717223534,0.5,0.5
284,113.52042678226748,104.15123182899772,3.0529367717223534,0.5,0.5
285,113.26144789568738,104.1742521744715,3.0529367717223534,0.5,0.5
286,113.00246900910729,104.19727251994529,3.0529367717223534,0.5,0.5
287,112.74349012252719,104.22029286541907,3.0529367717223534,0.5,0.5
288,112.4845112359471,104.24331321089285,3.0529367717223534,0.5,0.5
289,112.225532349367,104.26633355636663,3.0529367717223534,0.5,0.5
290,111.9665534627869,104.28935390184041,3.0529367717223534,0.5,0.5
291,111.70757457620681,104.3123742473142,3.0529367717223534,0.5,0.5
292,111.44859568962671,104.33539459278798,3.0529367717223534,0.5,0.5
293,111.18961680304662,104.35841493826176,3.0529367717223534,0.5,0.5
294,110.93063791646652,104.38143528373554,3.0529367717223534,0.5,0.5
295,110.67165902988643,104.40445562920932,3.0529367717223534,0.5,0.5
296,110.41268014330633,104.4274759746831,3.0529367717223534,0.5,0.5
297,110.15370125672624,104.45049632015689,3.0529367717223534,0.5,0.5
298,109.88276949845783,104.47457914311408,3.0529367717223534,0.5,1
299,109.5998848685011,104.49972444355468,3.0529367717223534,0.5,1
300,109.30504736685607,104.52593222147868,3.0529367717223534,0.5,1
301,108.99825699352273,104.5532024768861,3.0529367717223534,0.5,1
302,108.67951374850107,104.58153520977692,3.0529367717223534,0.5,1
303,108.34881763179109,104.61093042015113,3.0529367717223534,0.5,1
304,108.00616864339281,104.64138810800875,3.0529367717223534,0.5,1
305,107.65156678330622,104.67290827334979,3.0529367717223534,0.5,1
306,107.28501205153131,104.70549091617423,3.0529367717223534,0.5,1
307,106.90650444806809,104.73913603648207,3.0529367717223534,0.5,1
308,106.51604397291656,104.77384363427332,3.0529367717223534,0.5,1
309,106.11363062607671,104.80961370954797,3.0529367717223534,0.5,1
310,105.69926440754855,104.84644626230603,3.0529367717223534,0.5,1
311,105.27294531733209,104.88434129254749,3.0529367717223534,0.5,1
312,104.83467335542731,104.92329880027236,3.0529367717223534,0.5,1
313,104.38444852183422,104.96331878548064,3.0529367717223534,0.5,1
314,103.92227081655281,105.00440124817231,3.0529367717223534,0.5,1
315,103.45361762313641,105.0877090167213,2.965670309122637,1,1
316,102.98242176362515,105.21466752167255,2.8784038465229207,1,1
317,102.51281351136006,105.38633024157564,2.7911373839232043,1,1
318,102.04908501550713,105.60335531416858,2.703870921323488,1,1
319,101.57448788303265,105.82546691190043,2.703870921323488,0.5,1
320,101.09989075055816,106.04757850963229,2.703870921323488,0.5,0.5
321,100.62529361808367,106.26969010736414,2.703870921323488,0.5,0.5
322,100.15069648560919,106.491801705096,2.703870921323488,0.5,0.5
323,99.6760993531347,106.71391330282785,2.703870921323488,0.5,0.5
324,99.20150222066022,106.9360249005597,2.703870921323488,0.5,0.5
325,98.72690508818573,107.15813649829155,2.703870921323488,0.5,0.5
326,98.25230795571125,107.38024809602341,2.703870921323488,0.5,0.5
327,97.77771082323676,107.60235969375526,2.703870921323488,0.5,0.5
328,97.30311369076227,107.82447129148711,2.703870921323488,0.5,0.5
329,96.82851655828779,108.04658288921897,2.703870921323488,0.5,0.5
330,96.3539194258133,108.26869448695082,2.703870921323488,0.5,0.5
331,95.86176997743948,108.44859701740926,2.7911373839232043,0,0.5
332,95.35581376763642,108.58492131370936,2.8784038465229207,0,0.5
333,94.83990142866543,108.67662986564143,2.965670309122637,0,0.5
334,94.31795936494247,108.72302471575014,3.0529367717223534,0,0.5
335,93.7960173012195,108.76941956585885,3.0529367717223534,0.5,0.5
336,93.27407523749655,108.81581441596757,3.0529367717223534,0.5,0.5
337,92.75213317377359,108.86220926607628,3.0529367717223534,0.5,0.5
338,92.23019111005063,108.90860411618499,3.0529367717223534,0.5,0.5
339,91.70824904632767,108.9549989662937,3.0529367717223534,0.5,0.5
340,91.1863069826047,109.00139381640241,3.0529367717223534,0.5,0.5
341,90.66436491888174,109.04778866651112,3.0529367717223534,0.5,0.5
342,90.14242285515878,109.09418351661984,3.0529367717223534,0.5,0.5
343,89.62048079143582,109.14057836672855,3.0529367717223534,0.5,0.5
344,89.09853872771286,109.18697321683726,3.0529367717223534,0.5,0.5
345,88.5765966639899,109.23336806694597,3.0529367717223534,0.5,0.5
346,88.05465460026694,109.27976291705468,3.0529367717223534,0.5,0.5
347,87.53271253654398,109.3261577671634,3.0529367717223534,0.5,0.5
348,87.01077047282102,109.3725526172721,3.0529367717223534,0.5,0.5
349,86.48882840909806,109.41894746738082,3.0529367717223534,0.5,0.5
350,85.9668863453751,109.46534231748953,3.0529367717223534,0.5,0.5
351,85.44494428165214,109.51173716759824,3.0529367717223534,0.5,0.5
352,84.92300221792918,109.55813201770695,3.0529367717223534,0.5,0.5
353,84.40106015420622,109.60452686781566,3.0529367717223534,0.5,0.5
354,83.87911809048326,109.65092171792438,3.0529367717223534,0.5,0.5
355,83.3571760267603,109.69731656803309,3.0529367717223534,0.5,0.5
356,82.83523396303734,109.7437114181418,3.0529367717223534,0.5,0.5
357,82.31329189931438,109.79010626825051,3.0529367717223534,0.5,0.5
358,81.79134983559142,109.83650111835922,3.0529367717223534,0.5,0.5
359,81.26940777186846,109.88289596846793,3.0529367717223534,0.5,0.5
360,80.7474657081455,109.92929081857665,3.0529367717223534,0.5,0.5
361,80.22552364442254,109.97568566868536,3.0529367717223534,0.5,0.5
362,79.70358158069958,110.02208051879407,3.0529367717223534,0.5,0.5
363,79.18163951697662,110.06847536890278,3.0529367717223534,0.5,0.5
364,78.65969745325366,110.1148702190115,3.0529367717223534,0.5,0.5
365,78.1377553895307,110.1612650691202,3.0529367717223534,0.5,0.5
366,77.61581332580774,110.20765991922892,3.0529367717223534,0.5,0.5
367,77.09387126208478,110.25405476933763,3.0529367717223534,0.5,0.5
368,76.57192919836181,110.30044961944634,3.0529367717223534,0.5,0.5
369,76.04998713463885,110.34684446955505,3.0529367717223534,0.5,0.5
370,75.5280450709159,110.39323931966376,3.0529367717223534,0.5,0.5
371,75.00610300719293,110.43963416977248,3.0529367717223534,0.5,0.5
372,74.48416094346997,110.48602901988119,3.0529367717223534,0.5,0.5
373,73.96221887974701,110.5324238699899,3.0529367717223534,0.5,0.5
374,73.44027681602405,110.57881872009861,3.0529367717223534,0.5,0.5
375,72.91833475230109,110.62521357020732,3.0529367717223534,0.5,0.5
376,72.39639268857813,110.67160842031603,3.0529367717223534,0.5,0.5
377,71.87445062485517,110.71800327042475,3.0529367717223534,0.5,0.5
378,71.35250856113221,110.76439812053346,3.0529367717223534,0.5,0.5
379,70.83056649740925,110.81079297064217,3.0529367717223534,0.5,0.5
380,70.30862443368629,110.85718782075088,3.0529367717223534,0.5,0.5
381,69.78668236996333,110.90358267085959,3.0529367717223534,0.5,0.5
382,69.26474030624037,110.9499775209683,3.0529367717223534,0.5,0.5
383,68.74279824251741,110.99637237107702,3.0529367717223534,0.5,0.5
384,68.22085617879445,111.04276722118573,3.0529367717223534,0.5,0.5
385,67.69891411507149,111.08916207129444,3.0529367717223534,0.5,0.5
386,67.17697205134853,111.13555692140315,3.0529367717223534,0.5,0.5
387,66.65502998762557,111.18195177151186,3.0529367717223534,0.5,0.5
388,66.13308792390261,111.22834662162057,3.0529367717223534,0.5,0.5
389,65.61114586017965,111.27474147172929,3.0529367717223534,0.5,0.5
390,65.08920379645669,111.321136321838,3.0529367717223534,0.5,0.5
391,64.56726173273373,111.36753117194671,3.0529367717223534,0.5,0.5
392,64.04531966901077,111.41392602205542,3.0529367717223534,0.5,0.5
393,63.5233776052878,111.46032087216413,3.0529367717223534,0.5,0.5
394,63.00143554156483,111.50671572227284,3.0529367717223534,0.5,0.5
395,62.49144634953018,111.55204809489815,3.0529367717223534,0.5,0
396,61.993410029183835,111.59631799004005,3.0529367717223534,0.5,0
397,61.507326580525806,111.63952540769854,3.0529367717223534,0.5,0
398,61.033196003556085,111.68167034787363,3.0529367717223534,0.5,0
399,60.57101829827468,111.72275281056531,3.0529367717223534,0.5,0
400,60.12079346468159,111.76277279577359,3.0529367717223534,0.5,0
401,59.68252150277681,111.80173030349846,3.0529367717223534,0.5,0
402,59.25620241256034,111.83962533373992,3.0529367717223534,0.5,0
403,58.84183619403218,111.87645788649797,3.0529367717223534,0.5,0
404,58.43942284719234,111.91222796177263,3.0529367717223534,0.5,0
405,58.0370095003525,111.94799803704728,3.0529367717223534,0.5,0.5
406,57.63459615351265,111.98376811232194,3.0529367717223534,0.5,0.5
407,57.23218280667281,112.0195381875966,3.0529367717223534,0.5,0.5
408,56.82976945983297,112.05530826287125,3.0529367717223534,0.5,0.5
409,56.427356112993124,112.0910783381459,3.0529367717223534,0.5,0.5
410,56.02494276615328,112.12684841342056,3.0529367717223534,0.5,0.5
411,55.62252941931344,112.16261848869522,3.0529367717223534,0.5,0.5
412,55.220116072473594,112.19838856396987,3.0529367717223534,0.5,0.5
413,54.81770272563375,112.23415863924453,3.0529367717223534,0.5,0.5
414,54.41528937879391,112.26992871451918,3.0529367717223534,0.5,0.5
415,54.012876031954065,112.30569878979384,3.0529367717223534,0.5,0.5
416,53.61046268511422,112.34146886506849,3.0529367717223534,0.5,0.5
417,53.20804933827438,112.37723894034315,3.0529367717223534,0.5,0.5
418,52.805635991434535,112.4130090156178,3.0529367717223534,0.5,0.5
419,52.40163638139263,112.41357034082135,3.14020323432207,0,0.5
420,51.99912518912271,112.37891864393008,3.227469696921786,0,0.5
421,51.601165767840854,112.30931764528057,3.3147361595215026,0,0.5
422,51.21078682903749,112.2052970504988,3.402002622121219,0,0.5
423,50.81967738907841,112.06355994888143,3.4892690847209353,0,1
424,50.417285946043584,111.9177342770251,3.4892690847209353,0.5,1
425,50.00361249993302,111.76782003492981,3.4892690847209353,0.5,1
426,49.578657050746706,111.61381722259556,3.4892690847209353,0.5,1
427,49.14241959848465,111.45572584002234,3.4892690847209353,0.5,1
428,48.69490014314685,111.29354588721016,3.4892690847209353,0.5,1
429,48.236098684733314,111.12727736415901,3.4892690847209353,0.5,1
430,47.76601522324403,110.9569202708689,3.4892690847209353,0.5,1
431,47.28464975867901,110.78247460733984,3.4892690847209353,0.5,1
432,46.792002291038244,110.6039403735718,3.4892690847209353,0.5,1
433,46.28807282032174,110.4213175695648,3.4892690847209353,0.5,1
434,45.77286134652948,110.23460619531885,3.4892690847209353,0.5,1
435,45.24636786966148,110.04380625083392,3.4892690847209353,0.5,1
436,44.708592389717744,109.84891773611004,3.4892690847209353,0.5,1
437,44.15953490669826,109.64994065114719,3.4892690847209353,0.5,1
438,43.59919542060304,109.44687499594538,3.4892690847209353,0.5,1
439,43.02757393143207,109.2397207705046,3.4892690847209353,0.5,1
440,42.444670439185366,109.02847797482487,3.4892690847209353,0.5,1
441,41.85048494386292,108.81314660890617,3.4892690847209353,0.5,1
442,41.24501744546472,108.5937266727485,3.4892690847209353,0.5,1
443,40.62826794399078,108.37021816635188,3.4892690847209353,0.5,1
444,40.000236439441096,108.14262108971629,3.4892690847209353,0.5,1
445,39.36092293181567,107.91093544284175,3.4892690847209353,0.5,1
446,38.710327421114506,107.67516122572825,3.4892690847209353,0.5,1
447,38.0484499073376,107.43529843837578,3.4892690847209353,0.5,1
448,37.37529039048495,107.19134708078435,3.4892690847209353,0.5,1
449,36.69084887055655,106.94330715295396,3.4892690847209353,0.5,1
450,35.99512534755241,106.69117865488461,3.4892690847209353,0.5,1
451,35.28811982147253,106.43496158657629,3.4892690847209353,0.5,1
452,34.5698322923169,106.17465594802901,3.4892690847209353,0.5,1
453,33.86608246606369,105.8476816645623,3.5765355473206517,0,1
454,33.18310767557493,105.45463022320018,3.663802009920368,0,1
455,32.52714912237161,104.99668003324564,3.7510684725200845,0,1
456,31.913599678449454,104.4833019271067,3.838334935119801,0,1
457,31.300050234527298,103.96992382096775,3.838334935119801,0.5,1
458,30.68650079060514,103.4565457148288,3.838334935119801,0.5,1
459,30.072951346682984,102.94316760868986,3.838334935119801,0.5,1
460,29.459401902760828,102.42978950255092,3.838334935119801,0.5,1
461,28.84585245883867,101.91641139641197,3.838334935119801,0.5,1
462,28.232303014916514,101.40303329027303,3.838334935119801,0.5,1
463,27.618753570994357,100.88965518413409,3.838334935119801,0.5,1
464,27.0052041270722,100.37627707799514,3.838334935119801,0.5,1
465,26.391654683150044,99.8628989718562,3.838334935119801,0.5,1
466,25.778105239227887,99.34952086571725,3.838334935119801,0.5,1
467,25.16455579530573,98.83614275957831,3.838334935119801,0.5,1
468,24.551006351383574,98.32276465343936,3.838334935119801,0.5,1
469,23.937456907461417,97.80938654730042,3.838334935119801,0.5,1
470,23.32390746353926,97.29600844116148,3.838334935119801,0.5,1
471,22.710358019617104,96.78263033502253,3.838334935119801,0.5,1
472,22.143887166715636,96.21773143007309,3.925601397719517,0,1
473,21.628806090069894,95.60561094807508,4.012867860319234,0,1
474,21.169034867687607,94.95092749550498,4.10013432291895,0,1
475,20.76807263618856,94.25866360874554,4.187400785518666,0,1
476,20.428970960262074,93.53408783397532,4.274667248118383,0,1
477,20.089869284335588,92.8095120592051,4.274667248118383,0.5,1
478,19.750767608409102,92.08493628443489,4.274667248118383,0.5,1
479,19.411665932482617,91.36036050966467,4.274667248118383,0.5,1
480,19.07256425655613,90.63578473489446,4.274667248118383,0.5,1
481,18.733462580629645,89.91120896012424,4.274667248118383,0.5,1
482,18.458802228784712,89.15983575650009,4.361933710718099,0,1
483,18.250673532143328,88.38738352779312,4.4492001733178155,0,1
484,18.110660475758472,87.59973110188321,4.536466635917532,0,1
485,17.970647419373616,86.8120786759733,4.536466635917532,0.5,1
486,17.83063436298876,86.02442625006339,4.536466635917532,0.5,1
487,17.690621306603905,85.23677382415347,4.536466635917532,0.5,1
488,17.55060825021905,84.44912139824356,4.536466635917532,0.5,1
489,17.410595193834194,83.66146897233365,4.536466635917532,0.5,1
490,17.27058213744934,82.87381654642374,4.536466635917532,0.5,1
491,17.130569081064483,82.08616412051383,4.536466635917532,0.5,1
492,16.990556024679627,81.29851169460392,4.536466635917532,0.5,1
493,16.85054296829477,80.510859268694,4.536466635917532,0.5,1
494,16.710529911909916,79.7232068427841,4.536466635917532,0.5,1
495,16.57051685552506,78.93555441687418,4.536466635917532,0.5,1
496,16.430503799140205,78.14790199096427,4.536466635917532,0.5,1
497,16.29049074275535,77.36024956505436,4.536466635917532,0.5,1
498,16.150477686370493,76.57259713914445,4.536466635917532,0.5,1
499,16.010464629985638,75.78494471323454,4.536466635917532,0.5,1
500,15.870451573600784,74.99729228732463,4.536466635917532,0.5,1
501,15.73043851721593,74.20963986141471,4.536466635917532,0.5,1
502,15.590425460831076,73.4219874355048,4.536466635917532,0.5,1
503,15.450412404446222,72.63433500959489,4.536466635917532,0.5,1
504,15.310399348061368,71.84668258368498,4.536466635917532,0.5,1
505,15.170386291676515,71.05903015777507,4.536466635917532,0.5,1
506,15.03037323529166,70.27137773186516,4.536466635917532,0.5,1
507,14.890360178906807,69.48372530595525,4.536466635917532,0.5,1
508,14.750347122521953,68.69607288004534,4.536466635917532,0.5,1
509,14.6103340661371,67.90842045413542,4.536466635917532,0.5,1
510,14.53950223391006,67.11156234158128,4.623733098517248,0,1
511,14.538390698853513,66.3115631137755,4.710999561116965,0,1
512,14.607007920420402,65.51451124789448,4.798266023716681,0,1
513,14.675625141987291,64.71745938201344,4.798266023716681,0.5,1
514,14.74424236355418,63.92040751613241,4.798266023716681,0.5,1
515,14.81285958512107,63.12335565025137,4.798266023716681,0.5,1
516,14.95068334482306,62.33531719226749,4.885532486316397,0,1
517,15.156664720628559,61.562289590676656,4.972798948916114,0,1
518,15.42923606989273,60.810156052293806,5.06006541151583,0,1
519,15.76632296006459,60.08464076749667,5.1473318741155465,0,1
520,16.103409850236453,59.35912548269954,5.1473318741155465,0.5,1
521,16.440496740408314,58.63361019790241,5.1473318741155465,0.5,1
522,16.777583630580175,57.90809491310527,5.1473318741155465,0.5,1
523,17.114670520752036,57.18257962830814,5.1473318741155465,0.5,1
524,17.451757410923896,56.45706434351101,5.1473318741155465,0.5,1
525,17.788844301095757,55.731549058713874,5.1473318741155465,0.5,1
526,18.125931191267618,55.00603377391674,5.1473318741155465,0.5,1
527,18.46301808143948,54.28051848911961,5.1473318741155465,0.5,1
528,18.80010497161134,53.555003204322475,5.1473318741155465,0.5,1
529,19.199141967918056,52.861627782506474,5.234598336715263,0,1
530,19.657092157872604,52.205669229303155,5.321864799314979,0,1
531,20.17047026401155,51.592119785380994,5.409131261914696,0,1
532,20.735369168960993,51.02564893247953,5.496397724514412,0,1
533,21.300268073910438,50.45917807957806,5.496397724514412,0.5,1
534,21.865166978859882,49.89270722667659,5.496397724514412,0.5,1
535,22.430065883809327,49.326236373775124,5.496397724514412,0.5,1
536,22.99496478875877,48.75976552087366,5.496397724514412,0.5,1
537,23.559863693708216,48.19329466797219,5.496397724514412,0.5,1
538,24.12476259865766,47.62682381507072,5.496397724514412,0.5,1
539,24.689661503607105,47.060352962169254,5.496397724514412,0.5,1
540,25.25456040855655,46.49388210926779,5.496397724514412,0.5,1
541,25.819459313505995,45.92741125636632,5.496397724514412,0.5,1
542,26.38435821845544,45.36094040346485,5.496397724514412,0.5,1
543,26.949257123404884,44.794469550563385,5.496397724514412,0.5,1
544,27.51415602835433,44.22799869766192,5.496397724514412,0.5,1
545,28.079054933303773,43.66152784476045,5.496397724514412,0.5,1
546,28.643953838253218,43.09505699185898,5.496397724514412,0.5,1
547,29.208852743202662,42.528586138957515,5.496397724514412,0.5,1
548,29.773751648152107,41.96211528605605,5.496397724514412,0.5,1
549,30.33865055310155,41.39564443315458,5.496397724514412,0.5,1
550,30.903549458050996,40.82917358025311,5.496397724514412,0.5,1
551,31.46844836300044,40.262702727351645,5.496397724514412,0.5,1
552,32.033347267949885,39.69623187445018,5.496397724514412,0.5,1
553,32.59824617289933,39.12976102154871,5.496397724514412,0.5,1
554,33.163145077848775,38.56329016864724,5.496397724514412,0.5,1
555,33.72804398279822,37.996819315745775,5.496397724514412,0.5,1
556,34.292942887747664,37.43034846284431,5.496397724514412,0.5,1
557,34.85784179269711,36.86387760994284,5.496397724514412,0.5,1
558,35.42274069764655,36.29740675704137,5.496397724514412,0.5,1
559,35.987639602596,35.730935904139905,5.496397724514412,0.5,1
560,36.55253850754544,35.16446505123844,5.496397724514412,0.5,1
561,37.11743741249489,34.59799419833697,5.496397724514412,0.5,1
562,37.68233631744433,34.0315233454355,5.496397724514412,0.5,1
563,38.247235222393776,33.465052492534035,5.496397724514412,0.5,1
564,38.81213412734322,32.89858163963257,5.496397724514412,0.5,1
565,39.377033032292665,32.3321107867311,5.496397724514412,0.5,1
566,39.94193193724211,31.765639933829632,5.496397724514412,0.5,1
567,40.55405241924011,31.25055885718389,5.583664187114128,0,1
568,41.2087358718102,30.790787634801603,5.670930649713845,0,1
569,41.90099975856965,30.389825403302556,5.758197112313561,0,1
570,42.625575533339855,30.05072372737607,5.8454635749132775,0,1
571,43.376948736964,29.776063375531137,5.932730037512994,0,1
572,44.12832194058815,29.501403023686205,5.932730037512994,0.5,1
573,44.8796951442123,29.226742671841272,5.932730037512994,0.5,1
574,45.63106834783645,28.95208231999634,5.932730037512994,0.5,1
575,46.382441551460595,28.677421968151407,5.932730037512994,0.5,1
576,47.15489378016756,28.46929327151002,6.01999650011271,0,1
577,47.94254620607747,28.329280215125163,6.107262962712427,0,1
578,48.73940431863162,28.258448382898123,6.194529425312143,0,1
579,49.539403546437384,28.257336847841575,6.281795887911859,0,1
580,50.33940277424315,28.256225312785027,6.281795887911859,0.5,1
581,51.13940200204891,28.25511377772848,6.281795887911859,0.5,1
582,51.939401229854674,28.25400224267193,6.281795887911859,0.5,1
583,52.73940045766044,28.252890707615382,6.281795887911859,0.5,0.5
584,53.5393996854662,28.251779172558834,6.281795887911859,0.5,0.5
585,54.339398913271964,28.250667637502286,6.281795887911859,0.5,0.5
586,55.13939814107773,28.249556102445737,6.281795887911859,0.5,0.5
587,55.93939736888349,28.24844456738919,6.281795887911859,0.5,0.5
588,56.739396596689254,28.24733303233264,6.281795887911859,0.5,0.5
589,57.53939582449502,28.246221497276093,6.281795887911859,0.5,0.5
590,58.33939505230078,28.245109962219544,6.281795887911859,0.5,0.5
591,59.13939428010654,28.243998427162996,6.281795887911859,0.5,0.5
592,59.93939350791231,28.242886892106448,6.281795887911859,0.5,0.5
593,60.73939273571807,28.2417753570499,6.281795887911859,0.5,0.5
594,61.53939196352383,28.24066382199335,6.281795887911859,0.5,0.5
595,62.33625007607798,28.169831989766312,6.194529425312143,1,0.5
596,63.12390250198789,28.029818933381456,6.107262962712427,1,0.5
597,63.911554927897804,27.8898058769966,6.107262962712427,0.5,0.5
598,64.69920735380772,27.749792820611745,6.107262962712427,0.5,0.5
599,65.48685977971763,27.60977976422689,6.107262962712427,0.5,0.5
600,66.27451220562754,27.469766707842034,6.107262962712427,0.5,0.5
601,67.06216463153746,27.329753651457178,6.107262962712427,0.5,0.5
602,67.84981705744737,27.189740595072323,6.107262962712427,0.5,0.5
603,68.63746948335728,27.049727538687467,6.107262962712427,0.5,0.5
604,69.42512190926719,26.90971448230261,6.107262962712427,0.5,0.5
605,70.2127743351771,26.769701425917756,6.107262962712427,0.5,0.5
606,71.00042676108701,26.6296883695329,6.107262962712427,0.5,0.5
607,71.78807918699692,26.489675313148044,6.107262962712427,0.5,0.5
608,72.57573161290684,26.34966225676319,6.107262962712427,0.5,0.5
609,73.36338403881675,26.209649200378333,6.107262962712427,0.5,0.5
610,74.15103646472666,26.069636143993478,6.107262962712427,0.5,0.5
611,74.93868889063657,25.929623087608622,6.107262962712427,0.5,0.5
612,75.71452653015784,25.79171022706954,6.107262962712427,0.5,0
613,76.47854938329046,25.655897562376232,6.107262962712427,0.5,0
614,77.23075745003442,25.522185093528694,6.107262962712427,0.5,0
615,77.97115073038974,25.39057282052693,6.107262962712427,0.5,0
616,78.6997292243564,25.26106074337094,6.107262962712427,0.5,0
617,79.41649293193443,25.13364886206072,6.107262962712427,0.5,0
618,80.1214418531238,25.008337176596275,6.107262962712427,0.5,0
619,80.81457598792453,24.885125686977602,6.107262962712427,0.5,0
620,81.4958953363366,24.764014393204704,6.107262962712427,0.5,0
621,82.16539989836002,24.645003295277576,6.107262962712427,0.5,0
622,82.8230896739948,24.52809239319622,6.107262962712427,0.5,0
623,83.46896466324093,24.41328168696064,6.107262962712427,0.5,0
624,84.11043544384701,24.356262062017873,6.194529425312143,0,0
625,84.74243483381356,24.3553839493232,6.281795887911859,0,0
626,85.36015002987136,24.40856229603754,6.369062350511576,0,0
627,85.95905925793912,24.513308353411052,6.456328813111292,0,0
628,86.53496482112429,24.666764478386145,6.5435952757110085,0,0
629,87.09927497028559,24.817130882724157,6.5435952757110085,0.5,0
630,87.65198970542303,24.964407566425088,6.5435952757110085,0.5,0
631,88.19310902653662,25.108594529488936,6.5435952757110085,0.5,0
632,88.72263293362634,25.2496917719157,6.5435952757110085,0.5,0
633,89.2405614266922,25.38769929370538,6.5435952757110085,0.5,0
634,89.74689450573419,25.52261709485798,6.5435952757110085,0.5,0
635,90.24163217075233,25.6544451753735,6.5435952757110085,0.5,0
636,90.72477442174659,25.783183535251936,6.5435952757110085,0.5,0
637,91.19632125871699,25.908832174493288,6.5435952757110085,0.5,0
638,91.65627268166354,26.031391093097557,6.5435952757110085,0.5,0
639,92.10462869058622,26.150860291064745,6.5435952757110085,0.5,0
640,92.55298469950891,26.270329489031933,6.5435952757110085,0.5,0.5
641,93.0013407084316,26.38979868699912,6.5435952757110085,0.5,0.5
642,93.44969671735429,26.50926788496631,6.5435952757110085,0.5,0.5
643,93.89805272627697,26.628737082933498,6.5435952757110085,0.5,0.5
644,94.34640873519966,26.748206280900686,6.5435952757110085,0.5,0.5
645,94.79476474412235,26.867675478867874,6.5435952757110085,0.5,0.5
646,95.24312075304503,26.98714467683506,6.5435952757110085,0.5,0.5
647,95.69147676196772,27.10661387480225,6.5435952757110085,0.5,0.5
648,96.13983277089041,27.226083072769438,6.5435952757110085,0.5,0.5
649,96.5881887798131,27.345552270736626,6.5435952757110085,0.5,0.5
650,97.03654478873578,27.465021468703814,6.5435952757110085,0.5,0.5
651,97.48490079765847,27.584490666671,6.5435952757110085,0.5,0.5
652,97.94485222060501,27.70704958527527,6.5435952757110085,0.5,1
653,98.41639905757542,27.832698224516623,6.5435952757110085,0.5,1
654,98.89954130856968,27.96143658439506,6.5435952757110085,0.5,1
655,99.39427897358782,28.093264664910578,6.5435952757110085,0.5,1
656,99.90061205262981,28.228182466063178,6.5435952757110085,0.5,1
657,100.41854054569566,28.36618998785286,6.5435952757110085,0.5,1
658,100.94806445278539,28.507287230279623,6.5435952757110085,0.5,1
659,101.48918377389897,28.65147419334347,6.5435952757110085,0.5,1
660,102.0269592538427,28.846362708067353,6.630861738310725,0,1
661,102.5565854117446,29.09243613789281,6.718128200910441,0,1
662,103.07315010099752,29.389718700141312,6.805394663510158,0,1
663,103.57167860143204,29.73776084450677,6.892661126109874,0,1
664,104.04717942047172,30.13562887676445,6.97992758870959,0,1
665,104.53188348117023,30.541197580614217,6.97992758870959,0.5,1
666,105.02579078352757,30.954466956056066,6.97992758870959,0.5,1
667,105.52890132754374,31.37543700309,6.97992758870959,0.5,1
668,106.04121511321874,31.804107721716015,6.97992758870959,0.5,1
669,106.56273214055258,32.240479111934114,6.97992758870959,0.5,1
670,107.09345240954525,32.684551173744296,6.97992758870959,0.5,1
671,107.62417267853792,33.128623235554485,6.97992758870959,0.5,0.5
672,108.15489294753058,33.572695297364675,6.97992758870959,0.5,0.5
673,108.68561321652325,34.016767359174864,6.97992758870959,0.5,0.5
674,109.21633348551592,34.46083942098505,6.97992758870959,0.5,0.5
675,109.74705375450858,34.90491148279524,6.97992758870959,0.5,0.5
676,110.27777402350125,35.34898354460543,6.97992758870959,0.5,0.5
677,110.7992910508351,35.78535493482353,6.97992758870959,0.5,0
678,111.3116048365101,36.214025653449546,6.97992758870959,0.5,0
679,111.81471538052627,36.63499570048348,6.97992758870959,0.5,0
680,112.30862268288361,37.04826507592533,6.97992758870959,0.5,0
681,112.79332674358211,37.453833779775096,6.97992758870959,0.5,0
682,113.2688275626218,37.85170181203278,6.97992758870959,0.5,0
683,113.73512514000264,38.24186917269837,6.97992758870959,0.5,0
684,114.19221947572464,38.62433586177188,6.97992758870959,0.5,0
685,114.64011056978782,38.99910187925331,6.97992758870959,0.5,0
686,115.07879842219216,39.366167225142654,6.97992758870959,0.5,0
687,115.50828303293768,39.725531899439915,6.97992758870959,0.5,0
688,115.92856440202436,40.07719590214509,6.97992758870959,0.5,0
689,116.3396425294522,40.42115923325819,6.97992758870959,0.5,0
690,116.74151741522122,40.75742189277919,6.97992758870959,0.5,0
691,117.1341890593314,41.08598388070811,6.97992758870959,0.5,0
692,117.51765746178276,41.40684519704495,6.97992758870959,0.5,0
693,117.89192262257528,41.72000584178971,6.97992758870959,0.5,0
694,118.25698454170896,42.02546581494238,6.97992758870959,0.5,0
695,118.61284321918382,42.32322511650297,6.97992758870959,0.5,0
696,118.95949865499983,42.61328374647147,6.97992758870959,0.5,0
697,119.29695084915703,42.89564170484788,6.97992758870959,0.5,0
698,119.62519980165538,43.170298991632215,6.97992758870959,0.5,0
699,119.9442455124949,43.437255606824465,6.97992758870959,0.5,0
700,120.2540879816756,43.69651155042463,6.97992758870959,0.5,0
701,120.55472720919745,43.948066822432715,6.97992758870959,0.5,0
702,120.84616319506048,44.191921422848715,6.97992758870959,0.5,0
703,121.12839593926468,44.428075351672625,6.97992758870959,0.5,0
704,121.40142544181003,44.65652860890445,6.97992758870959,0.5,0
705,121.66525170269657,44.877281194544196,6.97992758870959,0.5,0
706,121.91987472192426,45.09033310859186,6.97992758870959,0.5,0
707,122.16529449949313,45.295684351047434,6.97992758870959,0.5,0
708,122.40151103540316,45.49333492191093,6.97992758870959,0.5,0
709,122.62852432965435,45.68328482118234,6.97992758870959,0.5,0
710,122.84633438224672,45.86553404886166,6.97992758870959,0.5,0
711,123.05494119318026,46.0400826049489,6.97992758870959,0.5,0
712,123.25434476245496,46.206930489444055,6.97992758870959,0.5,0
713,123.44454509007083,46.36607770234713,6.97992758870959,0.5,0
714,123.62554217602786,46.517524243658116,6.97992758870959,0.5,0
715,123.79733602032607,46.66127011337702,6.97992758870959,0.5,0
716,123.95594785913848,46.81944180676287,7.067194051309307,0,0.5
717,124.10017056059928,46.990835541722305,7.154460513909023,0,0.5
718,124.22890650286632,47.17414690844193,7.2417269765087395,0,0.5
719,124.34117592768605,47.36798079673457,7.328993439108456,0,0.5
720,124.43612439694547,47.57086201367023,7.416259901708172,0,0.5
721,124.5310728662049,47.77374323060589,7.416259901708172,0.5,0.5
722,124.62602133546432,47.976624447541546,7.416259901708172,0.5,0.5
723,124.72096980472374,48.179505664477205,7.416259901708172,0.5,0.5
724,124.81591827398316,48.38238688141286,7.416259901708172,0.5,0.5
725,124.91086674324258,48.58526809834852,7.416259901708172,0.5,0.5
726,124.98777164175917,48.79565259536328,7.503526364307889,0,0.5
727,125.04604767681876,49.01193921940123,7.590792826907605,0,0.5
728,125.08525133260652,49.232481898656005,7.678059289507321,0,0.5
729,125.12445498839428,49.45302457791078,7.678059289507321,0.5,0.5
730,125.16365864418204,49.67356725716556,7.678059289507321,0.5,0.5
731,125.2028622999698,49.894109936420335,7.678059289507321,0.5,0.5
732,125.24206595575755,50.11465261567511,7.678059289507321,0.5,0.5
733,125.28336980739108,50.34701008131854,7.678059289507321,0.5,1
734,125.32677385487038,50.59118233335061,7.678059289507321,0.5,1
735,125.37227809819547,50.84716937177133,7.678059289507321,0.5,1
736,125.41988253736632,51.1149711965807,7.678059289507321,0.5,1
737,125.46958717238294,51.39458780777871,7.678059289507321,0.5,1
738,125.52139200324534,51.686019205365376,7.678059289507321,0.5,1
739,125.5752970299535,51.989265389340694,7.678059289507321,0.5,1
740,125.63130225250745,52.30432635970466,7.678059289507321,0.5,1
741,125.68940767090717,52.631202116457274,7.678059289507321,0.5,1
742,125.74961328515266,52.969892659598536,7.678059289507321,0.5,1
743,125.81191909524392,53.320397989128445,7.678059289507321,0.5,1
744,125.87632510118095,53.682718105047,7.678059289507321,0.5,1
745,125.94283130296375,54.056853007354206,7.678059289507321,0.5,1
746,126.01143770059234,54.442802696050066,7.678059289507321,0.5,1
747,126.0821442940667,54.84056717113457,7.678059289507321,0.5,1
748,126.15495108338682,55.25014643260773,7.678059289507321,0.5,1
749,126.22985806855272,55.67154048046953,7.678059289507321,0.5,1
750,126.30686524956438,56.10474931471998,7.678059289507321,0.5,1
751,126.38597262642183,56.54977293535908,7.678059289507321,0.5,1
752,126.46718019912505,57.006611342386826,7.678059289507321,0.5,1
753,126.55048796767404,57.47526453580323,7.678059289507321,0.5,1
754,126.6358959320688,57.955732515608275,7.678059289507321,0.5,1
755,126.72340409230934,58.44801528180197,7.678059289507321,0.5,1
756,126.81301244839564,58.952112834384316,7.678059289507321,0.5,1
757,126.90472100032773,59.46802517335531,7.678059289507321,0.5,1
758,126.99852974810558,59.99575229871495,7.678059289507321,0.5,1
759,127.09443869172921,60.535294210463235,7.678059289507321,0.5,1
760,127.1924478311986,61.08665090860017,7.678059289507321,0.5,1
761,127.24309259124094,61.656404459076384,7.765325752107038,0,1
762,127.24390401183221,62.24040389537459,7.852592214706754,0,1
763,127.24473210544934,62.836403320089886,7.852592214706754,0.5,1
764,127.24557687209233,63.44440273322227,7.852592214706754,0.5,1
765,127.24643831176115,64.06440213477174,7.852592214706754,0.5,1
766,127.24731642445583,64.69640152473829,7.852592214706754,0.5,1
767,127.24821121017635,65.34040090312193,7.852592214706754,0.5,1
768,127.24912266892272,65.99640026992266,7.852592214706754,0.5,1
769,127.25005080069494,66.66439962514048,7.852592214706754,0.5,1
770,127.250995605493,67.34439896877538,7.852592214706754,0.5,1
771,127.25195708331692,68.03639830082737,7.852592214706754,0.5,1
772,127.25293523416669,68.74039762129644,7.852592214706754,0.5,1
773,127.2539300580423,69.45639693018259,7.852592214706754,0.5,1
774,127.25494155494376,70.18439622748583,7.852592214706754,0.5,1
775,127.25596972487106,70.92439551320616,7.852592214706754,0.5,1
776,127.25701456782421,71.67639478734358,7.852592214706754,0.5,1
777,127.25807608380322,72.44039404989809,7.852592214706754,0.5,1
778,127.25915427280808,73.21639330086968,7.852592214706754,0.5,1
779,127.26024913483877,74.00439254025837,7.852592214706754,0.5,1
780,127.26136066989532,74.80439176806414,7.852592214706754,0.5,1
781,127.26247220495188,75.6043909958699,7.852592214706754,0.5,1
782,127.26358374000843,76.40439022367568,7.852592214706754,0.5,0.5
783,127.26469527506498,77.20438945148145,7.852592214706754,0.5,0.5
784,127.26580681012153,78.00438867928722,7.852592214706754,0.5,0.5
785,127.26691834517808,78.80438790709299,7.852592214706754,0.5,0.5
786,127.26801320720878,79.59238714648167,7.852592214706754,0.5,0
787,127.26909139621364,80.36838639745326,7.852592214706754,0.5,0
788,127.27015291219264,81.13238566000777,7.852592214706754,0.5,0
789,127.27119775514579,81.88438493414519,7.852592214706754,0.5,0
790,127.2722259250731,82.62438421986552,7.852592214706754,0.5,0
791,127.27323742197456,83.35238351716876,7.852592214706754,0.5,0
792,127.27423224585017,84.06838282605491,7.852592214706754,0.5,0
793,127.27521039669993,84.77238214652398,7.852592214706754,0.5,0
794,127.27617187452385,85.46438147857597,7.852592214706754,0.5,0
795,127.27711667932192,86.14438082221088,7.852592214706754,0.5,0
796,127.27804481109413,86.8123801774287,7.852592214706754,0.5,0
797,127.2789562698405,87.46837954422942,7.852592214706754,0.5,0
798,127.27985105556102,88.11237892261306,7.852592214706754,0.5,0
799,127.2807291682557,88.74437831257961,7.852592214706754,0.5,0
800,127.28159060792453,89.36437771412908,7.852592214706754,0.5,0
801,127.28243537456751,89.97237712726145,7.852592214706754,0.5,0
802,127.28326346818464,90.56837655197674,7.852592214706754,0.5,0
803,127.28407488877592,91.15237598827495,7.852592214706754,0.5,0
804,127.2350135753556,91.72226807237989,7.9398586773064705,0,0
805,127.1385369435642,92.27389499296861,8.027125139906188,0,0
806,126.99743970113744,92.80341890005833,8.114391602505904,0,0
807,126.81481689713044,93.30734837077485,8.20165806510562,0,0
808,126.59402498406787,93.78256088231697,8.288924527705337,0,0
809,126.37828937435788,94.24689066458714,8.288924527705337,0.5,0
810,126.16761006800047,94.70033771758536,8.288924527705337,0.5,0
811,125.96198706499564,95.1429020413116,8.288924527705337,0.5,0
812,125.76142036534338,95.57458363576589,8.288924527705337,0.5,0
813,125.5659099690437,95.99538250094822,8.288924527705337,0.5,0
814,125.3754558760966,96.4052986368586,8.288924527705337,0.5,0
815,125.19005808650208,96.80433204349703,8.288924527705337,0.5,0
816,125.00971660026013,97.1924827208635,8.288924527705337,0.5,0
817,124.83443141737077,97.56975066895801,8.288924527705337,0.5,0
818,124.66420253783397,97.93613588778057,8.288924527705337,0.5,0
819,124.46867440964368,98.2758898444704,8.376190990305053,0,0
820,124.25114806941528,98.58747015724198,8.46345745290477,0,0
821,124.01499414059137,98.86970290144617,8.550723915504486,0,0
822,123.76361412788887,99.12178243098732,8.637990378104202,0,0
823,123.50040232062973,99.34326729394499,8.725256840703919,0,0
824,123.24637232060057,99.55702594075298,8.725256840703919,0.5,0
825,123.00152412780137,99.76305837141128,8.725256840703919,0.5,0
826,122.76585774223214,99.96136458591988,8.725256840703919,0.5,0
827,122.53937316389289,100.15194458427881,8.725256840703919,0.5,0
828,122.3220703927836,100.33479836648804,8.725256840703919,0.5,0
829,122.11394942890428,100.5099259325476,8.725256840703919,0.5,0
830,121.91501027225493,100.67732728245747,8.725256840703919,0.5,0
831,121.72525292283555,100.83700241621764,8.725256840703919,0.5,0
832,121.54467738064615,100.98895133382814,8.725256840703919,0.5,0
833,121.36136601392653,101.11768727609518,8.812523303303635,0,0
834,121.17791608393527,101.22394226744242,8.899789765903352,0,0
835,120.99677214024273,101.30871768642405,8.987056228503068,0,0
836,120.82019943739105,101.3732628691076,9.074322691102784,0,0
837,120.65489733259375,101.43368814651349,9.074322691102784,0.5,0
838,120.5008658258508,101.4899935186417,9.074322691102784,0.5,0
839,120.35810491716221,101.54217898549223,9.074322691102784,0.5,0
840,120.22661460652799,101.5902445470651,9.074322691102784,0.5,0
841,120.09512429589377,101.63831010863797,9.074322691102784,0.5,0.5
842,119.96363398525955,101.68637567021084,9.074322691102784,0.5,0.5
843,119.83214367462533,101.7344412317837,9.074322691102784,0.5,0.5
844,119.70065336399111,101.78250679335657,9.074322691102784,0.5,0.5
845,119.56916305335689,101.83057235492944,9.074322691102784,0.5,0.5
846,119.4264021446683,101.88275782177998,9.074322691102784,0.5,1
847,119.27237063792535,101.93906319390818,9.074322691102784,0.5,1
848,119.10706853312804,101.99948847131407,9.074322691102784,0.5,1
849,118.93049583027637,102.06403365399763,9.074322691102784,0.5,1
850,118.74265252937033,102.13269874195886,9.074322691102784,0.5,1
851,118.54353863040993,102.20548373519777,9.074322691102784,0.5,1
852,118.33315413339517,102.28238863371436,9.074322691102784,0.5,1
853,118.11149903832604,102.36341343750861,9.074322691102784,0.5,1
854,117.87857334520255,102.44855814658054,9.074322691102784,0.5,1
855,117.63437705402471,102.53782276093014,9.074322691102784,0.5,1
856,117.3789101647925,102.63120728055742,9.074322691102784,0.5,1
857,117.11217267750592,102.72871170546237,9.074322691102784,0.5,1
858,116.834164592165,102.830336035645,9.074322691102784,0.5,1
859,116.5448859087697,102.93608027110531,9.074322691102784,0.5,1
860,116.24433662732004,103.04594441184328,9.074322691102784,0.5,1
861,115.93251674781602,103.15992845785892,9.074322691102784,0.5,1
862,115.60942627025764,103.27803240915225,9.074322691102784,0.5,1
863,115.2750651946449,103.40025626572324,9.074322691102784,0.5,1
864,114.92943352097778,103.52660002757192,9.074322691102784,0.5,1
865,114.57253124925631,103.65706369469827,9.074322691102784,0.5,1
866,114.20435837948048,103.79164726710228,9.074322691102784,0.5,1
867,113.82491491165028,103.93035074478396,9.074322691102784,0.5,1
868,113.43420084576573,104.07317412774333,9.074322691102784,0.5,1
869,113.03221618182681,104.22011741598037,9.074322691102784,0.5,1
870,112.61896091983353,104.37118060949508,9.074322691102784,0.5,1
871,112.19443505978589,104.52636370828748,9.074322691102784,0.5,1
872,111.75863860168388,104.68566671235754,9.074322691102784,0.5,1
873,111.29902952560325,104.80950328685917,9.1615891537025,0,1
874,110.8185615457982,104.89491125125393,9.248855616302217,0,1
875,110.32052522545186,104.93918114639582,9.336122078901933,0,1
876,109.81053603341721,104.98451351902114,9.336122078901933,0.5,1
877,109.28859396969425,105.03090836912985,9.336122078901933,0.5,1
878,108.75469903428296,105.07836569672196,9.336122078901933,0.5,1
879,108.20885122718337,105.12688550179749,9.336122078901933,0.5,1
880,107.65105054839547,105.17646778435642,9.336122078901933,0.5,1
881,107.08129699791925,105.22711254439875,9.336122078901933,0.5,1
882,106.49959057575472,105.2788197819245,9.336122078901933,0.5,1
883,105.90593128190189,105.33158949693365,9.336122078901933,0.5,1
884,105.30031911636074,105.3854216894262,9.336122078901933,0.5,1
885,104.68275407913127,105.44031635940215,9.336122078901933,0.5,1
886,104.0532361702135,105.49627350686151,9.336122078901933,0.5,1
887,103.41176538960741,105.55329313180428,9.336122078901933,0.5,1
888,102.76589040036129,105.66810383803987,9.248855616302217,1,1
889,102.1082006247265,105.78501474012123,9.248855616302217,0.5,1
890,101.43869606270309,105.90402583804836,9.248855616302217,0.5,1
891,100.75737671429101,106.02513713182125,9.248855616302217,0.5,1
892,100.06424257949028,106.14834862143992,9.248855616302217,0.5,1
893,99.35929365830091,106.27366030690438,9.248855616302217,0.5,1
894,98.65434473711154,106.39897199236883,9.248855616302217,0.5,0.5
895,97.94939581592217,106.52428367783328,9.248855616302217,0.5,0.5
896,97.2444468947328,106.64959536329773,9.248855616302217,0.5,0.5
897,96.53949797354343,106.77490704876219,9.248855616302217,0.5,0.5
898,95.83454905235406,106.90021873422664,9.248855616302217,0.5,0.5
899,95.1296001311647,107.0255304196911,9.248855616302217,0.5,0.5
900,94.42465120997532,107.15084210515555,9.248855616302217,0.5,0.5
901,93.71970228878595,107.27615379062,9.248855616302217,0.5,0.5
902,93.01475336759658,107.40146547608445,9.248855616302217,0.5,0.5
903,92.30980444640721,107.5267771615489,9.248855616302217,0.5,0.5
904,91.60485552521784,107.65208884701336,9.248855616302217,0.5,0.5
905,90.89990660402847,107.77740053247781,9.248855616302217,0.5,0.5
906,90.1949576828391,107.90271221794227,9.248855616302217,0.5,0.5
907,89.49000876164973,108.02802390340672,9.248855616302217,0.5,0.5
908,88.78505984046036,108.15333558887117,9.248855616302217,0.5,0.5
909,88.080110919271,108.27864727433563,9.248855616302217,0.5,0.5
910,87.37516199808162,108.40395895980008,9.248855616302217,0.5,0.5
911,86.67021307689225,108.52927064526453,9.248855616302217,0.5,0.5
912,85.96526415570288,108.65458233072899,9.248855616302217,0.5,0.5
913,85.26031523451351,108.77989401619344,9.248855616302217,0.5,0.5
914,84.55536631332414,108.90520570165789,9.248855616302217,0.5,0.5
915,83.85041739213477,109.03051738712234,9.248855616302217,0.5,0.5
916,83.1454684709454,109.1558290725868,9.248855616302217,0.5,0.5
917,82.44051954975603,109.28114075805125,9.248855616302217,0.5,0.5
918,81.73557062856666,109.4064524435157,9.248855616302217,0.5,0.5
919,81.03062170737729,109.53176412898016,9.248855616302217,0.5,0.5
920,80.32567278618792,109.65707581444461,9.248855616302217,0.5,0.5
921,79.62072386499855,109.78238749990906,9.248855616302217,0.5,0.5
922,78.91577494380918,109.90769918537352,9.248855616302217,0.5,0.5
923,78.19901123623116,110.03511106668374,9.248855616302217,0.5,1
924,77.47043274226449,110.16462314383973,9.248855616302217,0.5,1
925,76.73003946190917,110.2962354168415,9.248855616302217,0.5,1
926,75.97783139516521,110.42994788568903,9.248855616302217,0.5,1
927,75.2138085420326,110.56576055038235,9.248855616302217,0.5,1
928,74.43797090251132,110.70367341092144,9.248855616302217,0.5,1
929,73.65031847660141,110.8436864673063,9.248855616302217,0.5,1
930,72.8626660506915,110.98369952369116,9.248855616302217,0.5,1
931,72.07501362478159,111.12371258007602,9.248855616302217,0.5,1
932,71.28736119887168,111.26372563646088,9.248855616302217,0.5,1
933,70.49970877296177,111.40373869284574,9.248855616302217,0.5,1
934,69.71205634705186,111.5437517492306,9.248855616302217,0.5,1
935,68.92440392114194,111.68376480561545,9.248855616302217,0.5,1
936,68.13675149523203,111.82377786200031,9.248855616302217,0.5,1
937,67.34909906932212,111.96379091838517,9.248855616302217,0.5,0.5
938,66.56144664341221,112.10380397477003,9.248855616302217,0.5,0.5
939,65.7737942175023,112.24381703115489,9.248855616302217,0.5,0.5
940,64.98614179159239,112.38383008753975,9.248855616302217,0.5,0.5
941,64.19848936568248,112.52384314392461,9.248855616302217,0.5,0.5
942,63.410836939772565,112.66385620030947,9.248855616302217,0.5,0.5
943,62.623184513862654,112.80386925669433,9.248855616302217,0.5,0.5
944,61.83553208795274,112.94388231307919,9.248855616302217,0.5,0.5
945,61.04787966204283,113.08389536946405,9.248855616302217,0.5,0.5
946,60.26022723613292,113.2239084258489,9.248855616302217,0.5,0.5
947,59.47257481022301,113.36392148223376,9.248855616302217,0.5,0.5
948,58.6849223843131,113.50393453861862,9.248855616302217,0.5,0.5
949,57.897269958403186,113.64394759500348,9.248855616302217,0.5,0.5
950,57.109617532493274,113.78396065138834,9.248855616302217,0.5,0.5
951,56.32196510658336,113.9239737077732,9.248855616302217,0.5,0.5
952,55.53431268067345,114.06398676415806,9.248855616302217,0.5,0.5
953,54.74666025476354,114.20399982054292,9.248855616302217,0.5,0.5
954,53.94980214220939,114.27483165276996,9.336122078901933,0,0.5
955,53.14980291440363,114.27594318782651,9.42338854150165,0,0.5
956,52.35275104852259,114.20732596625963,9.510655004101366,0,0.5
957,51.555699182641554,114.13870874469275,9.510655004101366,0.5,0.5
958,50.758647316760516,114.07009152312587,9.510655004101366,0.5,0.5
959,49.96159545087948,114.00147430155899,9.510655004101366,0.5,0.5
960,49.16454358499844,113.9328570799921,9.510655004101366,0.5,0.5
961,48.3674917191174,113.86423985842522,9.510655004101366,0.5,0.5
962,47.570439853236365,113.79562263685834,9.510655004101366,0.5,0.5
963,46.77338798735533,113.72700541529146,9.510655004101366,0.5,0.5
964,45.97633612147429,113.65838819372458,9.510655004101366,0.5,0.5
965,45.17928425559325,113.5897709721577,9.510655004101366,0.5,0.5
966,44.382232389712215,113.52115375059081,9.510655004101366,0.5,0.5
967,43.58518052383118,113.45253652902393,9.510655004101366,0.5,0.5
968,42.80008443593836,113.38494856578055,9.510655004101366,0.5,0
969,42.026944126033754,113.31838986086066,9.510655004101366,0.5,0
970,41.26575959411736,113.25286041426429,9.510655004101366,0.5,0
971,40.51653084018919,113.18836022599142,9.510655004101366,0.5,0
972,39.77925786424923,113.12488929604204,9.510655004101366,0.5,0
973,39.05394066629749,113.06244762441618,9.510655004101366,0.5,0
974,38.34057924633397,113.00103521111382,9.510655004101366,0.5,0
975,37.63917360435865,112.94065205613495,9.510655004101366,0.5,0
976,36.94972374037156,112.8812981594796,9.510655004101366,0.5,0
977,36.27222965437268,112.82297352114774,9.510655004101366,0.5,0
978,35.60669134636201,112.76567814113939,9.510655004101366,0.5,0
979,34.953108816339565,112.70941201945455,9.510655004101366,0.5,0
980,34.31148206430533,112.6541751560932,9.510655004101366,0.5,0
981,33.681811090259316,112.59996755105536,9.510655004101366,0.5,0
982,33.064095894201515,112.54678920434102,9.510655004101366,0.5,0
983,32.458336476131926,112.49464011595019,9.510655004101366,0.5,0
984,31.864532836050554,112.44352028588285,9.510655004101366,0.5,0
985,31.282684973957398,112.39342971413903,9.510655004101366,0.5,0
986,30.71279288985246,112.34436840071871,9.510655004101366,0.5,0
987,30.154856583735736,112.29633634562188,9.510655004101366,0.5,0
988,29.608876055607226,112.24933354884857,9.510655004101366,0.5,0
989,29.074851305466932,112.20336001039875,9.510655004101366,0.5,0
990,28.552782333314855,112.15841573027244,9.510655004101366,0.5,0
991,28.042669139150995,112.11450070846963,9.510655004101366,0.5,0
992,27.544511722975347,112.07161494499033,9.510655004101366,0.5,0
993,27.058310084787916,112.02975843983452,9.510655004101366,0.5,0
994,26.5840642245887,111.98893119300223,9.510655004101366,0.5,0
995,26.121774142377703,111.94913320449344,9.510655004101366,0.5,0
996,25.659484060166704,111.90933521598464,9.510655004101366,0.5,0.5
997,25.197193977955706,111.86953722747585,9.510655004101366,0.5,0.5
998,24.734903895744708,111.82973923896705,9.510655004101366,0.5,0.5
999,24.27261381353371,111.78994125045826,9.510655004101366,0.5,0.5
1000,23.81555150790306,111.71000346983111,9.597921466701083,0,0.5
1001,23.367195498980376,111.59053427186392,9.685187929300799,0,0.5
1002,22.918839490057692,111.47106507389672,9.685187929300799,0.5,0.5
1003,22.47048348113501,111.35159587592953,9.685187929300799,0.5,0.5
1004,22.022127472212325,111.23212667796234,9.685187929300799,0.5,0.5
1005,21.573771463289642,111.11265747999515,9.685187929300799,0.5,0.5
1006,21.12541545436696,110.99318828202796,9.685187929300799,0.5,0.5
1007,20.677059445444275,110.87371908406077,9.685187929300799,0.5,0.5
1008,20.24082199318222,110.71562770148755,9.772454391900515,0,0.5
1009,19.82002312799988,110.52011730518787,9.859720854500232,0,0.5
1010,19.4178653833466,110.28867584732997,9.946987317099948,0,0.5
1011,19.01570763869332,110.05723438947207,9.946987317099948,0.5,0.5
1012,18.635251677835395,109.79162327929843,10.034253779699664,0,0.5
1013,18.279393000360542,109.49386397773785,10.12152024229938,0,0.5
1014,17.95083990567769,109.16622261286717,10.208786704899097,0,0.5
1015,17.622286810994837,108.8385812479965,10.208786704899097,0.5,0.5
1016,17.293733716311984,108.51093988312583,10.208786704899097,0.5,0.5
1017,16.994986691857452,108.15591000356699,10.296053167498814,0,0.5
1018,16.728319382875725,107.77619360107633,10.38331963009853,0,0.5
1019,16.495761288606275,107.37468054675585,10.470586092698246,0,0.5
1020,16.263203194336825,106.97316749243538,10.470586092698246,0.5,0.5
1021,16.06652422229946,106.55291354306866,10.557852555297963,0,0.5
1022,15.907221218229397,106.11711708496665,10.64511901789768,0,0.5
1023,15.786506574177391,105.66909479231661,10.732385480497395,0,0.5
1024,15.665791930125385,105.22107249966658,10.732385480497395,0.5,0.5
1025,15.584584357422168,104.76423409263883,10.819651943097112,0,0.5
1026,15.543501894730483,104.30205638735742,10.906918405696828,0,0.5
1027,15.502419432038797,103.83987868207602,10.906918405696828,0.5,0.5
1028,15.461336969347112,103.37770097679461,10.906918405696828,0.5,0.5
1029,15.420254506655427,102.91552327151321,10.906918405696828,0.5,0.5
1030,15.379172043963742,102.4533455662318,10.906918405696828,0.5,0.5
1031,15.338089581272056,101.9911678609504,10.906918405696828,0.5,0.5
1032,15.297007118580371,101.52899015566899,10.906918405696828,0.5,0.5
1033,15.255924655888686,101.06681245038759,10.906918405696828,0.5,0.5
1034,15.213779715713594,100.59268187341787,10.906918405696828,0.5,1
1035,15.170572298055097,100.10659842475984,10.906918405696828,0.5,1
1036,15.126302402913195,99.6085621044135,10.906918405696828,0.5,1
1037,15.080970030287887,99.09857291237884,10.906918405696828,0.5,1
1038,15.034575180179173,98.57663084865588,10.906918405696828,0.5,1
1039,14.987117852587053,98.0427359132446,10.906918405696828,0.5,1
1040,14.938598047511528,97.49688810614501,10.906918405696828,0.5,1
1041,14.889015764952598,96.93908742735711,10.906918405696828,0.5,1
1042,14.838371004910261,96.36933387688089,10.906918405696828,0.5,1
1043,14.78666376738452,95.78762745471636,10.906918405696828,0.5,1
1044,14.733894052375371,95.19396816086352,10.906918405696828,0.5,1
1045,14.680061859882818,94.58835599532237,10.906918405696828,0.5,1
1046,14.62516718990686,93.9707909580929,10.906918405696828,0.5,1
1047,14.569210042447494,93.34127304917513,10.906918405696828,0.5,1
1048,14.512190417504724,92.69980226856904,10.906918405696828,0.5,1
1049,14.454108315078548,92.04637861627464,10.906918405696828,0.5,1
1050,14.394963735168966,91.38100209229192,10.906918405696828,0.5,1
1051,14.33475667777598,90.7036726966209,10.906918405696828,0.5,1
1052,14.273487142899587,90.01439042926157,10.906918405696828,0.5,1
1053,14.211155130539789,89.31315529021391,10.906918405696828,0.5,1
1054,14.147760640696584,88.59996727947795,10.906918405696828,0.5,1
1055,14.083303673369974,87.87482639705368,10.906918405696828,0.5,1
1056,14.017784228559957,87.13773264294109,10.906918405696828,0.5,1
1057,13.951202306266536,86.38868601714019,10.906918405696828,0.5,1
1058,13.88355790648971,85.62768651965098,10.906918405696828,0.5,1
1059,13.814851029229477,84.85473415047346,10.906918405696828,0.5,1
1060,13.746144151969244,84.08178178129594,10.906918405696828,0.5,0.5
1061,13.67743727470901,83.30882941211843,10.906918405696828,0.5,0.5
1062,13.608730397448777,82.53587704294091,10.906918405696828,0.5,0.5
1063,13.540023520188544,81.7629246737634,10.906918405696828,0.5,0.5
1064,13.471316642928311,80.98997230458588,10.906918405696828,0.5,0.5
1065,13.402609765668078,80.21701993540836,10.906918405696828,0.5,0.5
1066,13.333902888407845,79.44406756623084,10.906918405696828,0.5,0.5
